SNo,ObservationDate,Province/State,Country/Region,Last Update,Confirmed,Deaths,Recovered
216,1/26/2020,Ontario,Canada,1/26/2020 16:00,1,0,0
262,1/27/2020,Ontario,Canada,1/27/2020 23:59,1,0,0
313,1/28/2020,Ontario,Canada,1/28/2020 23:00,1,0,0
314,1/28/2020,British Columbia,Canada,1/28/2020 23:00,1,0,0
365,1/29/2020,Ontario,Canada,1/29/2020 19:30,1,0,0
366,1/29/2020,British Columbia,Canada,1/29/2020 19:30,1,0,0
420,1/30/2020,Ontario,Canada,1/30/2020 16:00,2,0,0
421,1/30/2020,British Columbia,Canada,1/30/2020 16:00,1,0,0
479,1/31/2020,Ontario,Canada,1/31/2020 23:59,2,0,0
487,1/31/2020,British Columbia,Canada,1/31/2020 23:59,1,0,0
539,2/1/2020,Ontario,Canada,2/1/2020 18:12,3,0,0
546,2/1/2020,British Columbia,Canada,2/1/2020 18:12,1,0,0
605,2/2/2020,Ontario,Canada,2020-02-01T18:12:49,3,0,0
615,2/2/2020,British Columbia,Canada,2020-02-01T18:12:49,1,0,0
672,2/3/2020,Ontario,Canada,2020-02-01T18:12:49,3,0,0
684,2/3/2020,British Columbia,Canada,2020-02-01T18:12:49,1,0,0
743,2/4/2020,"Toronto, ON",Canada,2020-02-04T00:13:06,2,0,0
753,2/4/2020,British Columbia,Canada,2020-02-01T18:12:49,1,0,0
754,2/4/2020,"London, ON",Canada,2020-02-04T00:03:11,1,0,0
813,2/5/2020,British Columbia,Canada,2020-02-05T17:33:03,2,0,0
814,2/5/2020,"Toronto, ON",Canada,2020-02-04T00:13:06,2,0,0
824,2/5/2020,"London, ON",Canada,2020-02-04T00:03:11,1,0,0
884,2/6/2020,British Columbia,Canada,2020-02-05T17:33:03,2,0,0
885,2/6/2020,"Toronto, ON",Canada,2020-02-04T00:13:06,2,0,0
895,2/6/2020,"London, ON",Canada,2020-02-04T00:03:11,1,0,0
954,2/7/2020,British Columbia,Canada,2020-02-07T05:43:03,4,0,0
960,2/7/2020,"Toronto, ON",Canada,2020-02-04T00:13:06,2,0,0
967,2/7/2020,"London, ON",Canada,2020-02-04T00:03:11,1,0,0
1026,2/8/2020,British Columbia,Canada,2020-02-07T05:43:03,4,0,0
1032,2/8/2020,"Toronto, ON",Canada,2020-02-04T00:13:06,2,0,0
1039,2/8/2020,"London, ON",Canada,2020-02-04T00:03:11,1,0,0
1098,2/9/2020,British Columbia,Canada,2020-02-07T05:43:03,4,0,0
1104,2/9/2020,"Toronto, ON",Canada,2020-02-04T00:13:06,2,0,0
1112,2/9/2020,"London, ON",Canada,2020-02-04T00:03:11,1,0,0
1171,2/10/2020,British Columbia,Canada,2020-02-07T05:43:03,4,0,0
1176,2/10/2020,"Toronto, ON",Canada,2020-02-04T00:13:06,2,0,0
1184,2/10/2020,"London, ON",Canada,2020-02-04T00:03:11,1,0,0
1243,2/11/2020,British Columbia,Canada,2020-02-07T05:43:03,4,0,0
1248,2/11/2020,"Toronto, ON",Canada,2020-02-04T00:13:06,2,0,0
1256,2/11/2020,"London, ON",Canada,2020-02-04T00:03:11,1,0,0
1316,2/12/2020,British Columbia,Canada,2020-02-07T05:43:03,4,0,0
1321,2/12/2020,"Toronto, ON",Canada,2020-02-04T00:13:06,2,0,0
1329,2/12/2020,"London, ON",Canada,2020-02-12T18:53:03,1,0,1
1389,2/13/2020,British Columbia,Canada,2020-02-07T05:43:03,4,0,0
1394,2/13/2020,"Toronto, ON",Canada,2020-02-04T00:13:06,2,0,0
1403,2/13/2020,"London, ON",Canada,2020-02-12T18:53:03,1,0,1
1463,2/14/2020,British Columbia,Canada,2020-02-07T05:43:03,4,0,0
1468,2/14/2020,"Toronto, ON",Canada,2020-02-04T00:13:06,2,0,0
1477,2/14/2020,"London, ON",Canada,2020-02-12T18:53:03,1,0,1
1538,2/15/2020,British Columbia,Canada,2020-02-07T05:43:03,4,0,0
1543,2/15/2020,"Toronto, ON",Canada,2020-02-04T00:13:06,2,0,0
1552,2/15/2020,"London, ON",Canada,2020-02-12T18:53:03,1,0,1
1613,2/16/2020,British Columbia,Canada,2020-02-07T05:43:03,4,0,0
1618,2/16/2020,"Toronto, ON",Canada,2020-02-04T00:13:06,2,0,0
1627,2/16/2020,"London, ON",Canada,2020-02-12T18:53:03,1,0,1
1686,2/17/2020,British Columbia,Canada,2020-02-17T08:03:07,5,0,0
1693,2/17/2020,"Toronto, ON",Canada,2020-02-04T00:13:06,2,0,0
1702,2/17/2020,"London, ON",Canada,2020-02-12T18:53:03,1,0,1
1761,2/18/2020,British Columbia,Canada,2020-02-17T08:03:07,5,0,0
1768,2/18/2020,"Toronto, ON",Canada,2020-02-04T00:13:06,2,0,0
1777,2/18/2020,"London, ON",Canada,2020-02-12T18:53:03,1,0,1
1836,2/19/2020,British Columbia,Canada,2020-02-17T08:03:07,5,0,0
1843,2/19/2020,"Toronto, ON",Canada,2020-02-04T00:13:06,2,0,0
1853,2/19/2020,"London, ON",Canada,2020-02-12T18:53:03,1,0,1
1912,2/20/2020,British Columbia,Canada,2020-02-17T08:03:07,5,0,0
1920,2/20/2020,"Toronto, ON",Canada,2020-02-04T00:13:06,2,0,0
1929,2/20/2020,"London, ON",Canada,2020-02-12T18:53:03,1,0,1
1990,2/21/2020,British Columbia,Canada,2020-02-21T05:23:04,6,0,0
1999,2/21/2020,"Toronto, ON",Canada,2020-02-21T05:23:04,2,0,2
2009,2/21/2020,"London, ON",Canada,2020-02-12T18:53:03,1,0,1
2075,2/22/2020,British Columbia,Canada,2020-02-21T05:23:04,6,0,0
2083,2/22/2020,"Toronto, ON",Canada,2020-02-21T05:23:04,2,0,2
2093,2/22/2020,"London, ON",Canada,2020-02-12T18:53:03,1,0,1
2159,2/23/2020,British Columbia,Canada,2020-02-21T05:23:04,6,0,0
2167,2/23/2020,"Toronto, ON",Canada,2020-02-21T05:23:04,2,0,2
2177,2/23/2020,"London, ON",Canada,2020-02-12T18:53:03,1,0,1
2244,2/24/2020,British Columbia,Canada,2020-02-21T05:23:04,6,0,0
2248,2/24/2020,"Toronto, ON",Canada,2020-02-24T14:43:03,3,0,2
2263,2/24/2020,"London, ON",Canada,2020-02-12T18:53:03,1,0,1
2336,2/25/2020,British Columbia,Canada,2020-02-25T02:23:05,7,0,0
2341,2/25/2020,"Toronto, ON",Canada,2020-02-24T14:43:03,3,0,2
2356,2/25/2020,"London, ON",Canada,2020-02-12T18:53:03,1,0,1
2431,2/26/2020,British Columbia,Canada,2020-02-25T02:23:05,7,0,0
2437,2/26/2020,"Toronto, ON",Canada,2020-02-24T14:43:03,3,0,2
2458,2/26/2020,"London, ON",Canada,2020-02-12T18:53:03,1,0,1
2533,2/27/2020,British Columbia,Canada,2020-02-27T03:33:06,7,0,3
2537,2/27/2020,"Toronto, ON",Canada,2020-02-27T22:43:02,5,0,2
2562,2/27/2020,"London, ON",Canada,2020-02-12T18:53:03,1,0,1
2638,2/28/2020,British Columbia,Canada,2020-02-27T03:33:06,7,0,3
2643,2/28/2020,"Toronto, ON",Canada,2020-02-27T22:43:02,5,0,2
2671,2/28/2020," Montreal, QC",Canada,2020-02-28T05:23:07,1,0,0
2672,2/28/2020,"London, ON",Canada,2020-02-12T18:53:03,1,0,1
2753,2/29/2020,"Toronto, ON",Canada,2020-02-29T23:23:13,10,0,2
2757,2/29/2020,British Columbia,Canada,2020-02-29T23:23:13,8,0,3
2788,2/29/2020," Montreal, QC",Canada,2020-02-28T05:23:07,1,0,0
2789,2/29/2020,"London, ON",Canada,2020-02-12T18:53:03,1,0,1
2872,3/1/2020,"Toronto, ON",Canada,2020-03-01T23:33:03,14,0,2
2880,3/1/2020,British Columbia,Canada,2020-02-29T23:23:13,8,0,3
2916,3/1/2020," Montreal, QC",Canada,2020-02-28T05:23:07,1,0,0
2917,3/1/2020,"London, ON",Canada,2020-02-12T18:53:03,1,0,1
2997,3/2/2020,"Toronto, ON",Canada,2020-03-02T20:53:02,17,0,2
3008,3/2/2020,British Columbia,Canada,2020-02-29T23:23:13,8,0,3
3048,3/2/2020," Montreal, QC",Canada,2020-02-28T05:23:07,1,0,0
3049,3/2/2020,"London, ON",Canada,2020-02-12T18:53:03,1,0,1
3139,3/3/2020,"Toronto, ON",Canada,2020-03-03T20:03:08,19,0,2
3153,3/3/2020,British Columbia,Canada,2020-03-03T23:53:03,9,0,3
3197,3/3/2020," Montreal, QC",Canada,2020-02-28T05:23:07,1,0,0
3198,3/3/2020,"London, ON",Canada,2020-02-12T18:53:03,1,0,1
3294,3/4/2020,"Toronto, ON",Canada,2020-03-03T20:03:08,19,0,2
3302,3/4/2020,British Columbia,Canada,2020-03-04T04:23:05,12,0,3
3356,3/4/2020," Montreal, QC",Canada,2020-02-28T05:23:07,1,0,0
3357,3/4/2020,"London, ON",Canada,2020-02-12T18:53:03,1,0,1
3455,3/5/2020,"Toronto, ON",Canada,2020-03-05T17:53:03,21,0,2
3466,3/5/2020,British Columbia,Canada,2020-03-05T04:43:03,13,0,3
3503,3/5/2020," Montreal, QC",Canada,2020-03-05T14:03:04,2,0,0
3527,3/5/2020,"London, ON",Canada,2020-02-12T18:53:03,1,0,1
3628,3/6/2020,"Toronto, ON",Canada,2020-03-06T20:53:02,24,0,2
3631,3/6/2020,British Columbia,Canada,2020-03-06T04:43:03,21,0,3
3687,3/6/2020," Montreal, QC",Canada,2020-03-05T14:03:04,2,0,0
3713,3/6/2020,"Calgary, Alberta",Canada,2020-03-06T13:13:34,1,0,0
3714,3/6/2020,"London, ON",Canada,2020-02-12T18:53:03,1,0,1
3829,3/7/2020,"Toronto, ON",Canada,2020-03-07T03:53:03,27,0,3
3835,3/7/2020,British Columbia,Canada,2020-03-07T03:53:03,21,0,4
3885,3/7/2020," Montreal, QC",Canada,2020-03-07T02:23:08,3,0,0
3927,3/7/2020,"Calgary, Alberta",Canada,2020-03-06T13:13:34,1,0,0
3928,3/7/2020,"Edmonton, Alberta",Canada,2020-03-07T02:23:08,1,0,0
3929,3/7/2020,"London, ON",Canada,2020-02-12T18:53:03,1,0,1
4063,3/8/2020,"Toronto, ON",Canada,2020-03-08T21:33:02,28,0,3
4064,3/8/2020,British Columbia,Canada,2020-03-08T05:13:07,27,0,4
4118,3/8/2020," Montreal, QC",Canada,2020-03-08T16:03:05,4,0,0
4129,3/8/2020,"Edmonton, Alberta",Canada,2020-03-08T16:23:07,3,0,0
4171,3/8/2020,"Calgary, Alberta",Canada,2020-03-06T13:13:34,1,0,0
4172,3/8/2020,"London, ON",Canada,2020-02-12T18:53:03,1,0,1
4313,3/9/2020,Ontario,Canada,2020-03-09T17:53:24,34,0,4
4314,3/9/2020,British Columbia,Canada,2020-03-09T22:43:25,32,1,4
4356,3/9/2020,Alberta,Canada,2020-03-09T17:53:24,7,0,0
4388,3/9/2020,Quebec,Canada,2020-03-09T08:43:03,3,0,0
4584,3/10/2020,Ontario,Canada,2020-03-10T17:13:32,36,0,4
4587,3/10/2020,British Columbia,Canada,2020-03-09T22:43:25,32,1,4
4630,3/10/2020,Alberta,Canada,2020-03-09T17:53:24,7,0,0
4655,3/10/2020,Quebec,Canada,2020-03-10T00:53:03,4,0,0
4795,3/11/2020,Ontario,Canada,2020-03-11T18:52:04,41,0,4
4796,3/11/2020,British Columbia,Canada,2020-03-11T02:18:28,39,1,4
4816,3/11/2020,Alberta,Canada,2020-03-11T23:13:07,19,0,0
4848,3/11/2020,Quebec,Canada,2020-03-11T23:13:06,8,0,0
4902,3/11/2020,New Brunswick,Canada,2020-03-11T23:13:06,1,0,0
5011,3/12/2020,British Columbia,Canada,2020-03-12T01:53:03,46,1,4
5016,3/12/2020,Ontario,Canada,2020-03-12T01:53:03,42,0,4
5037,3/12/2020,Alberta,Canada,2020-03-11T23:13:07,19,0,0
5071,3/12/2020,Quebec,Canada,2020-03-12T01:53:03,9,0,0
5123,3/12/2020,New Brunswick,Canada,2020-03-11T23:13:06,1,0,0
5192,3/13/2020,British Columbia,Canada,2020-03-11T20:00:00,64,1,4
5205,3/13/2020,Ontario,Canada,2020-03-11T20:00:00,74,0,4
5215,3/13/2020,New Brunswick,Canada,2020-03-11T20:00:00,1,0,0
5243,3/13/2020,Quebec,Canada,2020-03-11T20:00:00,17,0,0
5264,3/13/2020,Manitoba,Canada,2020-03-11T20:00:00,4,0,0
5265,3/13/2020,Saskatchewan,Canada,2020-03-11T20:00:00,2,0,0
5281,3/13/2020,Grand Princess,Canada,2020-03-11T20:00:00,2,0,0
5302,3/13/2020,Alberta,Canada,2020-03-11T20:00:00,29,0,0
5460,3/14/2020,Ontario,Canada,2020-03-14T13:13:25,79,0,4
5468,3/14/2020,British Columbia,Canada,2020-03-14T00:13:05,64,1,4
5497,3/14/2020,Alberta,Canada,2020-03-14T00:13:05,29,0,0
5524,3/14/2020,Quebec,Canada,2020-03-13T13:33:03,17,0,0
5566,3/14/2020,Manitoba,Canada,2020-03-14T00:13:05,4,0,0
5582,3/14/2020,Saskatchewan,Canada,2020-03-14T00:13:05,2,0,0
5601,3/14/2020,New Brunswick,Canada,2020-03-11T23:13:06,1,0,0
5705,3/15/2020,Ontario,Canada,2020-03-15T01:53:03,104,0,4
5717,3/15/2020,British Columbia,Canada,2020-03-15T01:53:02,73,1,4
5743,3/15/2020,Alberta,Canada,2020-03-15T01:53:03,39,0,0
5761,3/15/2020,Quebec,Canada,2020-03-15T01:53:02,24,0,0
5822,3/15/2020,Manitoba,Canada,2020-03-14T00:13:05,4,0,0
5838,3/15/2020,New Brunswick,Canada,2020-03-15T01:53:02,2,0,0
5839,3/15/2020,Saskatchewan,Canada,2020-03-14T00:13:05,2,0,0
5854,3/15/2020,Newfoundland and Labrador,Canada,2020-03-15T02:13:21,1,0,0
5855,3/15/2020,Prince Edward Island,Canada,2020-03-15T02:13:21,1,0,0
5943,3/16/2020,Ontario,Canada,2020-03-16T16:13:26,177,0,5
5972,3/16/2020,British Columbia,Canada,2020-03-16T19:13:13,103,4,4
5992,3/16/2020,Alberta,Canada,2020-03-16T02:33:09,56,0,0
6005,3/16/2020,Quebec,Canada,2020-03-16T20:13:20,50,0,0
6078,3/16/2020,Manitoba,Canada,2020-03-16T02:53:12,7,0,0
6079,3/16/2020,Saskatchewan,Canada,2020-03-16T20:13:20,7,0,0
6084,3/16/2020,New Brunswick,Canada,2020-03-16T02:53:12,6,0,0
6091,3/16/2020,Nova Scotia,Canada,2020-03-16T17:53:03,5,0,0
6114,3/16/2020,Grand Princess,Canada,2020-03-16T00:22:11,2,0,0
6127,3/16/2020,Newfoundland and Labrador,Canada,2020-03-15T02:13:21,1,0,0
6128,3/16/2020,Prince Edward Island,Canada,2020-03-15T02:13:21,1,0,0
6224,3/17/2020,Ontario,Canada,2020-03-17T16:53:04,185,1,5
6250,3/17/2020,British Columbia,Canada,2020-03-16T19:13:13,103,4,4
6261,3/17/2020,Alberta,Canada,2020-03-17T03:13:18,74,0,0
6262,3/17/2020,Quebec,Canada,2020-03-17T19:33:03,74,0,0
6359,3/17/2020,Grand Princess,Canada,2020-03-17T03:13:18,8,0,0
6360,3/17/2020,Manitoba,Canada,2020-03-17T19:33:03,8,0,0
6361,3/17/2020,New Brunswick,Canada,2020-03-17T19:33:03,8,0,0
6365,3/17/2020,Nova Scotia,Canada,2020-03-17T19:33:03,7,0,0
6366,3/17/2020,Saskatchewan,Canada,2020-03-16T20:13:20,7,0,0
6384,3/17/2020,Newfoundland and Labrador,Canada,2020-03-17T17:53:03,3,0,0
6408,3/17/2020,Prince Edward Island,Canada,2020-03-15T02:13:21,1,0,0
6499,3/18/2020,Ontario,Canada,2020-03-18T17:33:06,221,1,5
6506,3/18/2020,British Columbia,Canada,2020-03-18T03:33:03,186,7,4
6534,3/18/2020,Alberta,Canada,2020-03-18T03:33:03,97,0,0
6536,3/18/2020,Quebec,Canada,2020-03-18T17:53:03,94,0,0
6620,3/18/2020,Manitoba,Canada,2020-03-18T03:33:03,15,0,0
6630,3/18/2020,Nova Scotia,Canada,2020-03-18T17:53:03,12,0,0
6632,3/18/2020,New Brunswick,Canada,2020-03-18T18:33:03,11,0,0
6639,3/18/2020,Grand Princess,Canada,2020-03-18T11:53:04,9,0,0
6642,3/18/2020,Saskatchewan,Canada,2020-03-18T11:53:04,8,0,0
6665,3/18/2020,Newfoundland and Labrador,Canada,2020-03-17T17:53:03,3,0,0
6689,3/18/2020,Prince Edward Island,Canada,2020-03-15T02:13:21,1,0,0
6789,3/19/2020,Ontario,Canada,2020-03-19T16:43:04,257,1,5
6795,3/19/2020,British Columbia,Canada,2020-03-19T03:13:26,231,7,4
6822,3/19/2020,Quebec,Canada,2020-03-19T17:43:04,121,1,0
6823,3/19/2020,Alberta,Canada,2020-03-19T03:13:26,119,0,0
6908,3/19/2020,Manitoba,Canada,2020-03-19T03:13:26,17,0,0
6910,3/19/2020,Saskatchewan,Canada,2020-03-19T01:03:51,16,0,0
6914,3/19/2020,Nova Scotia,Canada,2020-03-19T20:43:03,14,0,0
6922,3/19/2020,New Brunswick,Canada,2020-03-18T18:33:03,11,0,0
6933,3/19/2020,Grand Princess,Canada,2020-03-18T11:53:04,9,0,0
6955,3/19/2020,Newfoundland and Labrador,Canada,2020-03-17T17:53:03,3,0,0
6967,3/19/2020,Prince Edward Island,Canada,2020-03-19T18:43:03,2,0,0
7080,3/20/2020,Ontario,Canada,2020-03-20T16:13:25,308,2,5
7087,3/20/2020,British Columbia,Canada,2020-03-20T03:13:18,271,8,4
7109,3/20/2020,Alberta,Canada,2020-03-20T03:13:18,146,1,0
7113,3/20/2020,Quebec,Canada,2020-03-20T21:13:29,139,1,0
7203,3/20/2020,Saskatchewan,Canada,2020-03-20T03:13:18,20,0,0
7208,3/20/2020,Manitoba,Canada,2020-03-19T03:13:26,17,0,0
7215,3/20/2020,Nova Scotia,Canada,2020-03-20T21:13:29,15,0,0
7229,3/20/2020,New Brunswick,Canada,2020-03-18T18:33:03,11,0,0
7233,3/20/2020,Grand Princess,Canada,2020-03-20T03:13:18,10,0,0
7251,3/20/2020,Newfoundland and Labrador,Canada,2020-03-20T21:13:29,4,0,0
7267,3/20/2020,Prince Edward Island,Canada,2020-03-19T18:43:03,2,0,0
7373,3/21/2020,British Columbia,Canada,2020-03-21T21:13:30,424,10,4
7380,3/21/2020,Ontario,Canada,2020-03-21T21:13:30,377,3,6
7406,3/21/2020,Alberta,Canada,2020-03-21T02:43:03,195,1,0
7410,3/21/2020,Quebec,Canada,2020-03-21T21:13:30,181,5,0
7501,3/21/2020,Saskatchewan,Canada,2020-03-21T02:43:03,26,0,0
7509,3/21/2020,Nova Scotia,Canada,2020-03-21T21:13:30,21,0,0
7515,3/21/2020,Manitoba,Canada,2020-03-21T17:43:03,18,0,0
7520,3/21/2020,New Brunswick,Canada,2020-03-21T21:13:30,17,0,0
7536,3/21/2020,Grand Princess,Canada,2020-03-20T03:13:18,10,0,0
7547,3/21/2020,Newfoundland and Labrador,Canada,2020-03-21T21:13:29,6,0,0
7572,3/21/2020,Prince Edward Island,Canada,2020-03-19T18:43:03,2,0,0
7584,3/21/2020,Northwest Territories,Canada,2020-03-21T21:13:30,1,0,0
7782,3/22/2020,Alberta,Canada,3/8/2020 5:31,259,1,0
7791,3/22/2020,British Columbia,Canada,3/8/2020 5:31,424,10,0
7800,3/22/2020,Diamond Princess cruise ship,Canada,3/8/2020 5:31,0,1,0
7813,3/22/2020,Grand Princess,Canada,3/8/2020 5:31,13,0,0
7845,3/22/2020,Manitoba,Canada,3/8/2020 5:31,20,0,0
7858,3/22/2020,New Brunswick,Canada,3/8/2020 5:31,17,0,0
7865,3/22/2020,Newfoundland and Labrador,Canada,3/8/2020 5:31,9,0,0
7871,3/22/2020,Northwest Territories,Canada,3/8/2020 5:31,1,0,0
7872,3/22/2020,Nova Scotia,Canada,3/8/2020 5:31,28,0,0
7875,3/22/2020,Ontario,Canada,3/8/2020 5:31,425,5,0
7878,3/22/2020,Prince Edward Island,Canada,3/8/2020 5:31,3,0,0
7881,3/22/2020,Quebec,Canada,3/8/2020 5:31,219,4,0
7886,3/22/2020,Saskatchewan,Canada,3/8/2020 5:31,52,0,0
8080,3/23/2020,Alberta,Canada,3/23/2020 23:23,301,1,0
8089,3/23/2020,British Columbia,Canada,3/23/2020 23:23,472,13,0
8098,3/23/2020,Diamond Princess cruise ship,Canada,3/23/2020 23:23,0,1,0
8110,3/23/2020,Grand Princess,Canada,3/23/2020 23:23,13,0,0
8141,3/23/2020,Manitoba,Canada,3/23/2020 23:23,20,0,0
8154,3/23/2020,New Brunswick,Canada,3/23/2020 23:23,17,0,0
8161,3/23/2020,Newfoundland and Labrador,Canada,3/23/2020 23:23,24,0,0
8167,3/23/2020,Nova Scotia,Canada,3/23/2020 23:23,41,0,0
8170,3/23/2020,Ontario,Canada,3/23/2020 23:23,503,6,0
8173,3/23/2020,Prince Edward Island,Canada,3/23/2020 23:23,3,0,0
8176,3/23/2020,Quebec,Canada,3/23/2020 23:23,628,4,0
8181,3/23/2020,Saskatchewan,Canada,3/23/2020 23:23,66,0,0
8377,3/24/2020,Alberta,Canada,3/24/2020 23:41,359,1,0
8386,3/24/2020,British Columbia,Canada,3/24/2020 23:41,617,13,0
8395,3/24/2020,Diamond Princess cruise ship,Canada,3/24/2020 23:41,0,1,0
8406,3/24/2020,Grand Princess,Canada,3/24/2020 23:41,13,0,0
8437,3/24/2020,Manitoba,Canada,3/24/2020 23:41,21,0,0
8450,3/24/2020,New Brunswick,Canada,3/24/2020 23:41,18,0,0
8457,3/24/2020,Newfoundland and Labrador,Canada,3/24/2020 23:41,35,0,0
8463,3/24/2020,Nova Scotia,Canada,3/24/2020 23:41,51,0,0
8466,3/24/2020,Ontario,Canada,3/24/2020 23:41,588,7,0
8469,3/24/2020,Prince Edward Island,Canada,3/24/2020 23:41,3,0,0
8472,3/24/2020,Quebec,Canada,3/24/2020 23:41,1013,4,0
8474,3/24/2020,Recovered,Canada,3/24/2020 23:41,0,0,110
8479,3/24/2020,Saskatchewan,Canada,3/24/2020 23:41,72,0,0
8679,3/25/2020,Alberta,Canada,3/25/2020 23:37,358,2,0
8688,3/25/2020,British Columbia,Canada,3/25/2020 23:37,617,13,0
8697,3/25/2020,Diamond Princess cruise ship,Canada,3/25/2020 23:37,0,1,0
8708,3/25/2020,Grand Princess,Canada,3/25/2020 23:37,13,0,0
8739,3/25/2020,Manitoba,Canada,3/25/2020 23:37,35,0,0
8752,3/25/2020,New Brunswick,Canada,3/25/2020 23:37,18,0,0
8759,3/25/2020,Newfoundland and Labrador,Canada,3/25/2020 23:37,35,0,0
8765,3/25/2020,Nova Scotia,Canada,3/25/2020 23:37,68,0,0
8768,3/25/2020,Ontario,Canada,3/25/2020 23:37,688,8,0
8771,3/25/2020,Prince Edward Island,Canada,3/25/2020 23:37,5,0,0
8774,3/25/2020,Quebec,Canada,3/25/2020 23:37,1342,6,0
8776,3/25/2020,Recovered,Canada,3/25/2020 23:37,0,0,183
8781,3/25/2020,Saskatchewan,Canada,3/25/2020 23:37,72,0,0
8983,3/26/2020,Alberta,Canada,3/26/2020 23:53,486,2,0
8992,3/26/2020,British Columbia,Canada,3/26/2020 23:53,725,14,0
9001,3/26/2020,Diamond Princess cruise ship,Canada,3/26/2020 23:53,0,1,0
9012,3/26/2020,Grand Princess,Canada,3/26/2020 23:53,13,0,0
9043,3/26/2020,Manitoba,Canada,3/26/2020 23:53,36,0,0
9056,3/26/2020,New Brunswick,Canada,3/26/2020 23:53,33,0,0
9063,3/26/2020,Newfoundland and Labrador,Canada,3/26/2020 23:53,82,0,0
9069,3/26/2020,Northwest Territories,Canada,3/26/2020 23:53,1,0,0
9070,3/26/2020,Nova Scotia,Canada,3/26/2020 23:53,73,0,0
9073,3/26/2020,Ontario,Canada,3/26/2020 23:53,858,13,0
9076,3/26/2020,Prince Edward Island,Canada,3/26/2020 23:53,5,0,0
9079,3/26/2020,Quebec,Canada,3/26/2020 23:53,1632,8,0
9081,3/26/2020,Recovered,Canada,3/26/2020 23:53,0,0,184
9086,3/26/2020,Saskatchewan,Canada,3/26/2020 23:53,95,0,0
9113,3/26/2020,Yukon,Canada,3/26/2020 23:53,3,0,0
9290,3/27/2020,Alberta,Canada,3/27/2020 23:27,542,2,0
9299,3/27/2020,British Columbia,Canada,3/27/2020 23:27,725,14,0
9308,3/27/2020,Diamond Princess cruise ship,Canada,3/27/2020 23:27,0,1,0
9319,3/27/2020,Grand Princess,Canada,3/27/2020 23:27,13,0,0
9350,3/27/2020,Manitoba,Canada,3/27/2020 23:27,39,1,0
9363,3/27/2020,New Brunswick,Canada,3/27/2020 23:27,45,0,0
9370,3/27/2020,Newfoundland and Labrador,Canada,3/27/2020 23:27,102,0,0
9376,3/27/2020,Northwest Territories,Canada,3/27/2020 23:27,1,0,0
9377,3/27/2020,Nova Scotia,Canada,3/27/2020 23:27,90,0,0
9380,3/27/2020,Ontario,Canada,3/27/2020 23:27,994,18,0
9383,3/27/2020,Prince Edward Island,Canada,3/27/2020 23:27,9,0,0
9386,3/27/2020,Quebec,Canada,3/27/2020 23:27,2024,18,0
9388,3/27/2020,Recovered,Canada,3/27/2020 23:27,0,0,256
9393,3/27/2020,Saskatchewan,Canada,3/27/2020 23:27,95,0,0
9420,3/27/2020,Yukon,Canada,3/27/2020 23:27,3,0,0
9598,3/28/2020,Alberta,Canada,3/8/2020 5:31,542,2,0
9608,3/28/2020,British Columbia,Canada,3/8/2020 5:31,884,17,0
9618,3/28/2020,Diamond Princess cruise ship,Canada,3/8/2020 5:31,0,1,0
9629,3/28/2020,Grand Princess,Canada,3/8/2020 5:31,13,0,0
9660,3/28/2020,Manitoba,Canada,3/8/2020 5:31,64,1,0
9673,3/28/2020,New Brunswick,Canada,3/8/2020 5:31,51,0,0
9680,3/28/2020,Newfoundland and Labrador,Canada,3/8/2020 5:31,120,0,0
9686,3/28/2020,Northwest Territories,Canada,3/8/2020 5:31,1,0,0
9687,3/28/2020,Nova Scotia,Canada,3/8/2020 5:31,110,0,0
9690,3/28/2020,Ontario,Canada,3/8/2020 5:31,1144,18,0
9693,3/28/2020,Prince Edward Island,Canada,3/8/2020 5:31,11,0,0
9696,3/28/2020,Quebec,Canada,3/8/2020 5:31,2498,22,0
9698,3/28/2020,Recovered,Canada,3/8/2020 5:31,0,0,466
9703,3/28/2020,Saskatchewan,Canada,3/8/2020 5:31,134,0,0
9731,3/28/2020,Yukon,Canada,3/8/2020 5:31,4,0,0
9909,3/29/2020,Alberta,Canada,3/8/2020 5:31,621,2,0
9919,3/29/2020,British Columbia,Canada,3/8/2020 5:31,884,17,0
9929,3/29/2020,Diamond Princess cruise ship,Canada,3/8/2020 5:31,0,1,0
9940,3/29/2020,Grand Princess,Canada,3/8/2020 5:31,13,0,0
9971,3/29/2020,Manitoba,Canada,3/8/2020 5:31,72,1,0
9984,3/29/2020,New Brunswick,Canada,3/8/2020 5:31,66,0,0
9991,3/29/2020,Newfoundland and Labrador,Canada,3/8/2020 5:31,135,0,0
9997,3/29/2020,Northwest Territories,Canada,3/8/2020 5:31,1,0,0
9998,3/29/2020,Nova Scotia,Canada,3/8/2020 5:31,122,0,0
10001,3/29/2020,Ontario,Canada,3/8/2020 5:31,1355,21,0
10004,3/29/2020,Prince Edward Island,Canada,3/8/2020 5:31,11,0,0
10007,3/29/2020,Quebec,Canada,3/8/2020 5:31,2840,22,0
10009,3/29/2020,Recovered,Canada,3/8/2020 5:31,0,0,466
10014,3/29/2020,Saskatchewan,Canada,3/8/2020 5:31,156,0,0
10042,3/29/2020,Yukon,Canada,3/8/2020 5:31,4,0,0
10221,3/30/2020,Alberta,Canada,3/8/2020 5:31,661,3,0
10231,3/30/2020,British Columbia,Canada,3/8/2020 5:31,970,19,0
10241,3/30/2020,Diamond Princess cruise ship,Canada,3/8/2020 5:31,0,1,0
10252,3/30/2020,Grand Princess,Canada,3/8/2020 5:31,13,0,0
10283,3/30/2020,Manitoba,Canada,3/8/2020 5:31,96,1,0
10296,3/30/2020,New Brunswick,Canada,3/8/2020 5:31,68,0,0
10303,3/30/2020,Newfoundland and Labrador,Canada,3/8/2020 5:31,148,1,0
10309,3/30/2020,Northwest Territories,Canada,3/8/2020 5:31,1,0,0
10310,3/30/2020,Nova Scotia,Canada,3/8/2020 5:31,127,0,0
10313,3/30/2020,Ontario,Canada,3/8/2020 5:31,1706,31,0
10316,3/30/2020,Prince Edward Island,Canada,3/8/2020 5:31,18,0,0
10319,3/30/2020,Quebec,Canada,3/8/2020 5:31,3430,22,0
10321,3/30/2020,Recovered,Canada,3/8/2020 5:31,0,0,466
10326,3/30/2020,Saskatchewan,Canada,3/8/2020 5:31,156,2,0
10354,3/30/2020,Yukon,Canada,3/8/2020 5:31,4,0,0
10535,3/31/2020,Alberta,Canada,3/31/2020 23:49,690,8,0
10544,3/31/2020,British Columbia,Canada,3/31/2020 23:49,1013,24,0
10554,3/31/2020,Diamond Princess cruise ship,Canada,3/31/2020 23:49,0,1,0
10565,3/31/2020,Grand Princess,Canada,3/31/2020 23:49,13,0,0
10596,3/31/2020,Manitoba,Canada,3/31/2020 23:49,103,1,0
10609,3/31/2020,New Brunswick,Canada,3/31/2020 23:49,70,0,0
10616,3/31/2020,Newfoundland and Labrador,Canada,3/31/2020 23:49,152,1,0
10622,3/31/2020,Northwest Territories,Canada,3/31/2020 23:49,1,0,0
10623,3/31/2020,Nova Scotia,Canada,3/31/2020 23:49,147,0,0
10626,3/31/2020,Ontario,Canada,3/31/2020 23:49,1966,33,0
10629,3/31/2020,Prince Edward Island,Canada,3/31/2020 23:49,21,0,0
10632,3/31/2020,Quebec,Canada,3/31/2020 23:49,4162,31,0
10634,3/31/2020,Recovered,Canada,3/31/2020 23:49,0,0,1592
10639,3/31/2020,Saskatchewan,Canada,3/31/2020 23:49,184,2,0
10667,3/31/2020,Yukon,Canada,3/31/2020 23:49,5,0,0
10848,4/1/2020,Alberta,Canada,4/1/2020 22:04,754,9,0
10857,4/1/2020,British Columbia,Canada,4/1/2020 22:04,1013,24,0
10867,4/1/2020,Diamond Princess cruise ship,Canada,4/1/2020 22:04,0,1,0
10878,4/1/2020,Grand Princess,Canada,4/1/2020 22:04,13,0,0
10909,4/1/2020,Manitoba,Canada,4/1/2020 22:04,127,1,0
10922,4/1/2020,New Brunswick,Canada,4/1/2020 22:04,81,0,0
10929,4/1/2020,Newfoundland and Labrador,Canada,4/1/2020 22:04,175,1,0
10935,4/1/2020,Northwest Territories,Canada,4/1/2020 22:04,2,0,0
10936,4/1/2020,Nova Scotia,Canada,4/1/2020 22:04,173,0,0
10939,4/1/2020,Ontario,Canada,4/1/2020 22:04,2392,37,0
10942,4/1/2020,Prince Edward Island,Canada,4/1/2020 22:04,21,0,0
10945,4/1/2020,Quebec,Canada,4/1/2020 22:04,4611,33,0
10947,4/1/2020,Recovered,Canada,4/1/2020 22:04,0,0,1324
10952,4/1/2020,Saskatchewan,Canada,4/1/2020 22:04,193,3,0
10980,4/1/2020,Yukon,Canada,4/1/2020 22:04,5,0,0
11162,4/2/2020,Alberta,Canada,4/2/2020 8:53,969,13,0
11172,4/2/2020,British Columbia,Canada,4/2/2020 8:53,1121,31,0
11182,4/2/2020,Diamond Princess cruise ship,Canada,4/2/2020 8:53,0,1,0
11193,4/2/2020,Grand Princess,Canada,4/2/2020 8:53,13,0,0
11224,4/2/2020,Manitoba,Canada,4/2/2020 8:53,167,1,0
11237,4/2/2020,New Brunswick,Canada,4/2/2020 8:53,91,0,0
11244,4/2/2020,Newfoundland and Labrador,Canada,4/2/2020 8:53,183,1,0
11250,4/2/2020,Northwest Territories,Canada,4/2/2020 8:53,2,0,0
11251,4/2/2020,Nova Scotia,Canada,4/2/2020 8:53,193,0,0
11254,4/2/2020,Ontario,Canada,4/2/2020 8:53,2793,53,0
11257,4/2/2020,Prince Edward Island,Canada,4/2/2020 8:53,22,0,0
11260,4/2/2020,Quebec,Canada,4/2/2020 8:53,5518,36,0
11262,4/2/2020,Recovered,Canada,4/2/2020 8:53,0,0,1735
11267,4/2/2020,Saskatchewan,Canada,4/2/2020 8:53,206,3,0
11295,4/2/2020,Yukon,Canada,4/2/2020 8:53,6,0,0
11477,4/3/2020,Alberta,Canada,4/3/2020 22:52,969,13,0
11487,4/3/2020,British Columbia,Canada,4/3/2020 22:52,1174,31,0
11497,4/3/2020,Diamond Princess cruise ship,Canada,4/3/2020 22:52,0,1,0
11508,4/3/2020,Grand Princess,Canada,4/3/2020 22:52,13,0,0
11539,4/3/2020,Manitoba,Canada,4/3/2020 22:52,182,2,0
11552,4/3/2020,New Brunswick,Canada,4/3/2020 22:52,91,0,0
11559,4/3/2020,Newfoundland and Labrador,Canada,4/3/2020 22:52,195,1,0
11565,4/3/2020,Northwest Territories,Canada,4/3/2020 22:52,2,0,0
11566,4/3/2020,Nova Scotia,Canada,4/3/2020 22:52,207,0,0
11569,4/3/2020,Ontario,Canada,4/3/2020 22:52,3255,67,0
11572,4/3/2020,Prince Edward Island,Canada,4/3/2020 22:52,22,0,0
11575,4/3/2020,Quebec,Canada,4/3/2020 22:52,6101,61,0
11577,4/3/2020,Recovered,Canada,4/3/2020 22:52,0,0,2175
11582,4/3/2020,Saskatchewan,Canada,4/3/2020 22:52,220,3,0
11610,4/3/2020,Yukon,Canada,4/3/2020 22:52,6,0,0
11792,4/4/2020,Alberta,Canada,4/4/2020 9:38,1075,18,0
11802,4/4/2020,British Columbia,Canada,4/4/2020 9:38,1203,38,0
11812,4/4/2020,Diamond Princess cruise ship,Canada,4/4/2020 9:38,0,1,0
11824,4/4/2020,Grand Princess,Canada,4/4/2020 9:38,13,0,0
11855,4/4/2020,Manitoba,Canada,4/4/2020 9:38,182,2,0
11868,4/4/2020,New Brunswick,Canada,4/4/2020 9:38,91,0,0
11875,4/4/2020,Newfoundland and Labrador,Canada,4/4/2020 9:38,195,1,0
11881,4/4/2020,Northwest Territories,Canada,4/4/2020 9:38,4,0,0
11882,4/4/2020,Nova Scotia,Canada,4/4/2020 9:38,236,0,0
11885,4/4/2020,Ontario,Canada,4/4/2020 9:38,3630,94,0
11888,4/4/2020,Prince Edward Island,Canada,4/4/2020 9:38,22,0,0
11891,4/4/2020,Quebec,Canada,4/4/2020 9:38,6101,61,0
11893,4/4/2020,Recovered,Canada,4/4/2020 9:38,0,0,2577
11898,4/4/2020,Saskatchewan,Canada,4/4/2020 9:38,220,3,0
11926,4/4/2020,Yukon,Canada,4/4/2020 9:38,6,0,0
12110,4/5/2020,Alberta,Canada,4/5/2020 23:13,1181,20,0
12120,4/5/2020,British Columbia,Canada,4/5/2020 23:13,1203,38,0
12130,4/5/2020,Diamond Princess cruise ship,Canada,4/5/2020 23:13,0,1,0
12142,4/5/2020,Grand Princess,Canada,4/5/2020 23:13,13,0,0
12173,4/5/2020,Manitoba,Canada,4/5/2020 23:13,203,2,0
12186,4/5/2020,New Brunswick,Canada,4/5/2020 23:13,98,0,0
12193,4/5/2020,Newfoundland and Labrador,Canada,4/5/2020 23:13,217,1,0
12199,4/5/2020,Northwest Territories,Canada,4/5/2020 23:13,4,0,0
12200,4/5/2020,Nova Scotia,Canada,4/5/2020 23:13,262,0,0
12203,4/5/2020,Ontario,Canada,4/5/2020 23:13,4354,119,0
12206,4/5/2020,Prince Edward Island,Canada,4/5/2020 23:13,22,0,0
12209,4/5/2020,Quebec,Canada,4/5/2020 23:13,7944,75,0
12211,4/5/2020,Recovered,Canada,4/5/2020 23:13,0,0,3012
12217,4/5/2020,Saskatchewan,Canada,4/5/2020 23:13,249,3,0
12245,4/5/2020,Yukon,Canada,4/5/2020 23:13,6,0,0
12430,4/6/2020,Alberta,Canada,4/6/2020 9:37,1250,23,0
12440,4/6/2020,British Columbia,Canada,4/6/2020 9:37,1266,38,0
12450,4/6/2020,Diamond Princess cruise ship,Canada,4/6/2020 9:37,0,1,0
12462,4/6/2020,Grand Princess,Canada,4/6/2020 9:37,13,0,0
12493,4/6/2020,Manitoba,Canada,4/6/2020 9:37,203,2,0
12506,4/6/2020,New Brunswick,Canada,4/6/2020 9:37,103,0,0
12513,4/6/2020,Newfoundland and Labrador,Canada,4/6/2020 9:37,226,1,0
12519,4/6/2020,Northwest Territories,Canada,4/6/2020 9:37,5,0,0
12520,4/6/2020,Nova Scotia,Canada,4/6/2020 9:37,293,0,0
12523,4/6/2020,Ontario,Canada,4/6/2020 9:37,4347,150,0
12526,4/6/2020,Prince Edward Island,Canada,4/6/2020 9:37,22,0,0
12529,4/6/2020,Quebec,Canada,4/6/2020 9:37,8580,121,0
12531,4/6/2020,Recovered,Canada,4/6/2020 9:37,0,0,3256
12537,4/6/2020,Saskatchewan,Canada,4/6/2020 9:37,249,3,0
12565,4/6/2020,Yukon,Canada,4/6/2020 9:37,6,0,0
12750,4/7/2020,Alberta,Canada,4/7/2020 23:11,1373,24,0
12760,4/7/2020,British Columbia,Canada,4/7/2020 23:11,1266,39,0
12770,4/7/2020,Diamond Princess cruise ship,Canada,4/7/2020 23:11,0,1,0
12782,4/7/2020,Grand Princess,Canada,4/7/2020 23:11,13,0,0
12813,4/7/2020,Manitoba,Canada,4/7/2020 23:11,217,3,0
12826,4/7/2020,New Brunswick,Canada,4/7/2020 23:11,105,0,0
12833,4/7/2020,Newfoundland and Labrador,Canada,4/7/2020 23:11,228,1,0
12839,4/7/2020,Northwest Territories,Canada,4/7/2020 23:11,5,0,0
12840,4/7/2020,Nova Scotia,Canada,4/7/2020 23:11,310,1,0
12843,4/7/2020,Ontario,Canada,4/7/2020 23:11,4726,153,0
12846,4/7/2020,Prince Edward Island,Canada,4/7/2020 23:11,22,0,0
12849,4/7/2020,Quebec,Canada,4/7/2020 23:11,9340,150,0
12851,4/7/2020,Recovered,Canada,4/7/2020 23:11,0,0,3791
12857,4/7/2020,Saskatchewan,Canada,4/7/2020 23:11,260,3,0
12885,4/7/2020,Yukon,Canada,4/7/2020 23:11,7,0,0
13070,4/8/2020,Alberta,Canada,4/8/2020 22:59,1373,26,0
13080,4/8/2020,British Columbia,Canada,4/8/2020 22:59,1291,43,0
13090,4/8/2020,Diamond Princess cruise ship,Canada,4/8/2020 22:59,0,1,0
13102,4/8/2020,Grand Princess,Canada,4/8/2020 22:59,13,0,0
13133,4/8/2020,Manitoba,Canada,4/8/2020 22:59,217,3,0
13146,4/8/2020,New Brunswick,Canada,4/8/2020 22:59,105,0,0
13153,4/8/2020,Newfoundland and Labrador,Canada,4/8/2020 22:59,228,1,0
13159,4/8/2020,Northwest Territories,Canada,4/8/2020 22:59,5,0,0
13160,4/8/2020,Nova Scotia,Canada,4/8/2020 22:59,310,1,0
13163,4/8/2020,Ontario,Canada,4/8/2020 22:59,5276,153,0
13166,4/8/2020,Prince Edward Island,Canada,4/8/2020 22:59,25,1,0
13169,4/8/2020,Quebec,Canada,4/8/2020 22:59,10031,175,0
13171,4/8/2020,Recovered,Canada,4/8/2020 22:59,0,0,4154
13177,4/8/2020,Saskatchewan,Canada,4/8/2020 22:59,260,3,0
13205,4/8/2020,Yukon,Canada,4/8/2020 22:59,7,0,0
13390,4/9/2020,Alberta,Canada,4/9/2020 23:09,1423,29,0
13400,4/9/2020,British Columbia,Canada,4/9/2020 23:09,1336,48,0
13410,4/9/2020,Diamond Princess cruise ship,Canada,4/9/2020 23:09,0,1,0
13422,4/9/2020,Grand Princess,Canada,4/9/2020 23:09,13,0,0
13453,4/9/2020,Manitoba,Canada,4/9/2020 23:09,221,3,0
13466,4/9/2020,New Brunswick,Canada,4/9/2020 23:09,108,0,0
13473,4/9/2020,Newfoundland and Labrador,Canada,4/9/2020 23:09,232,2,0
13479,4/9/2020,Northwest Territories,Canada,4/9/2020 23:09,5,0,0
13480,4/9/2020,Nova Scotia,Canada,4/9/2020 23:09,342,1,0
13483,4/9/2020,Ontario,Canada,4/9/2020 23:09,5759,200,0
13486,4/9/2020,Prince Edward Island,Canada,4/9/2020 23:09,25,0,0
13489,4/9/2020,Quebec,Canada,4/9/2020 23:09,10912,216,0
13491,4/9/2020,Recovered,Canada,4/9/2020 23:09,0,0,5162
13497,4/9/2020,Saskatchewan,Canada,4/9/2020 23:09,271,3,0
13525,4/9/2020,Yukon,Canada,4/9/2020 23:09,7,0,0
13711,4/10/2020,Alberta,Canada,4/10/2020 23:01,1451,32,0
13721,4/10/2020,British Columbia,Canada,4/10/2020 23:01,1370,50,0
13731,4/10/2020,Diamond Princess cruise ship,Canada,4/10/2020 23:01,0,1,0
13743,4/10/2020,Grand Princess,Canada,4/10/2020 23:01,13,0,0
13774,4/10/2020,Manitoba,Canada,4/10/2020 23:01,230,3,0
13787,4/10/2020,New Brunswick,Canada,4/10/2020 23:01,112,0,0
13794,4/10/2020,Newfoundland and Labrador,Canada,4/10/2020 23:01,239,3,0
13800,4/10/2020,Northwest Territories,Canada,4/10/2020 23:01,5,0,0
13801,4/10/2020,Nova Scotia,Canada,4/10/2020 23:01,407,2,0
13804,4/10/2020,Ontario,Canada,4/10/2020 23:01,6237,222,0
13807,4/10/2020,Prince Edward Island,Canada,4/10/2020 23:01,25,0,0
13810,4/10/2020,Quebec,Canada,4/10/2020 23:01,11677,241,0
13812,4/10/2020,Recovered,Canada,4/10/2020 23:01,0,0,5855
13818,4/10/2020,Saskatchewan,Canada,4/10/2020 23:01,285,3,0
13846,4/10/2020,Yukon,Canada,4/10/2020 23:01,8,0,0
14032,4/11/2020,Alberta,Canada,4/11/2020 22:52,1567,40,0
14042,4/11/2020,British Columbia,Canada,4/11/2020 22:52,1445,58,0
14052,4/11/2020,Diamond Princess cruise ship,Canada,4/11/2020 22:52,0,1,0
14064,4/11/2020,Grand Princess,Canada,4/11/2020 22:52,13,0,0
14095,4/11/2020,Manitoba,Canada,4/11/2020 22:52,243,4,0
14108,4/11/2020,New Brunswick,Canada,4/11/2020 22:52,112,0,0
14115,4/11/2020,Newfoundland and Labrador,Canada,4/11/2020 22:52,241,3,0
14121,4/11/2020,Northwest Territories,Canada,4/11/2020 22:52,5,0,0
14122,4/11/2020,Nova Scotia,Canada,4/11/2020 22:52,428,2,0
14125,4/11/2020,Ontario,Canada,4/11/2020 22:52,6648,253,0
14128,4/11/2020,Prince Edward Island,Canada,4/11/2020 22:52,25,0,0
14131,4/11/2020,Quebec,Canada,4/11/2020 22:52,12292,289,0
14133,4/11/2020,Recovered,Canada,4/11/2020 22:52,0,0,6589
14139,4/11/2020,Saskatchewan,Canada,4/11/2020 22:52,289,4,0
14167,4/11/2020,Yukon,Canada,4/11/2020 22:52,8,0,0
14353,4/12/2020,Alberta,Canada,4/12/2020 23:25,1567,40,0
14363,4/12/2020,British Columbia,Canada,4/12/2020 23:25,1445,58,0
14384,4/12/2020,Grand Princess,Canada,4/12/2020 23:25,13,0,0
14415,4/12/2020,Manitoba,Canada,4/12/2020 23:25,242,4,0
14428,4/12/2020,New Brunswick,Canada,4/12/2020 23:25,114,0,0
14435,4/12/2020,Newfoundland and Labrador,Canada,4/12/2020 23:25,242,3,0
14441,4/12/2020,Northwest Territories,Canada,4/12/2020 23:25,5,0,0
14442,4/12/2020,Nova Scotia,Canada,4/12/2020 23:25,445,2,0
14445,4/12/2020,Ontario,Canada,4/12/2020 23:25,7049,274,0
14448,4/12/2020,Prince Edward Island,Canada,4/12/2020 23:25,25,0,0
14451,4/12/2020,Quebec,Canada,4/12/2020 23:25,12846,328,0
14453,4/12/2020,Recovered,Canada,4/12/2020 23:25,0,0,7123
14459,4/12/2020,Saskatchewan,Canada,4/12/2020 23:25,298,4,0
14487,4/12/2020,Yukon,Canada,4/12/2020 23:25,8,0,0
14673,4/13/2020,Alberta,Canada,4/13/2020 23:15,1732,46,0
14683,4/13/2020,British Columbia,Canada,4/13/2020 23:15,1490,69,0
14704,4/13/2020,Grand Princess,Canada,4/13/2020 23:15,13,0,0
14735,4/13/2020,Manitoba,Canada,4/13/2020 23:15,246,4,0
14748,4/13/2020,New Brunswick,Canada,4/13/2020 23:15,116,0,0
14755,4/13/2020,Newfoundland and Labrador,Canada,4/13/2020 23:15,244,3,0
14761,4/13/2020,Northwest Territories,Canada,4/13/2020 23:15,5,0,0
14762,4/13/2020,Nova Scotia,Canada,4/13/2020 23:15,474,3,0
14765,4/13/2020,Ontario,Canada,4/13/2020 23:15,7470,291,0
14768,4/13/2020,Prince Edward Island,Canada,4/13/2020 23:15,25,0,0
14771,4/13/2020,Quebec,Canada,4/13/2020 23:15,13557,360,0
14773,4/13/2020,Recovered,Canada,4/13/2020 23:15,0,0,7758
14779,4/13/2020,Saskatchewan,Canada,4/13/2020 23:15,300,4,0
14807,4/13/2020,Yukon,Canada,4/13/2020 23:15,8,0,0
14993,4/14/2020,Alberta,Canada,4/14/2020 23:41,1870,48,0
15003,4/14/2020,British Columbia,Canada,4/14/2020 23:41,1490,69,0
15024,4/14/2020,Grand Princess,Canada,4/14/2020 23:41,13,0,0
15055,4/14/2020,Manitoba,Canada,4/14/2020 23:41,246,4,0
15068,4/14/2020,New Brunswick,Canada,4/14/2020 23:41,116,0,0
15075,4/14/2020,Newfoundland and Labrador,Canada,4/14/2020 23:41,244,3,0
15081,4/14/2020,Northwest Territories,Canada,4/14/2020 23:41,5,0,0
15082,4/14/2020,Nova Scotia,Canada,4/14/2020 23:41,517,3,0
15085,4/14/2020,Ontario,Canada,4/14/2020 23:41,7953,334,0
15088,4/14/2020,Prince Edward Island,Canada,4/14/2020 23:41,25,0,0
15091,4/14/2020,Quebec,Canada,4/14/2020 23:41,14248,435,0
15093,4/14/2020,Recovered,Canada,4/14/2020 23:41,0,0,8210
15099,4/14/2020,Saskatchewan,Canada,4/14/2020 23:41,300,4,0
15127,4/14/2020,Yukon,Canada,4/14/2020 23:41,8,0,0
15313,4/15/2020,Alberta,Canada,4/15/2020 23:04,1870,48,0
15323,4/15/2020,British Columbia,Canada,4/15/2020 23:04,1517,72,0
15344,4/15/2020,Grand Princess,Canada,4/15/2020 23:04,13,0,0
15375,4/15/2020,Manitoba,Canada,4/15/2020 23:04,246,5,0
15388,4/15/2020,New Brunswick,Canada,4/15/2020 23:04,117,0,0
15395,4/15/2020,Newfoundland and Labrador,Canada,4/15/2020 23:04,247,3,0
15401,4/15/2020,Northwest Territories,Canada,4/15/2020 23:04,5,0,0
15402,4/15/2020,Nova Scotia,Canada,4/15/2020 23:04,549,3,0
15405,4/15/2020,Ontario,Canada,4/15/2020 23:04,8447,385,0
15408,4/15/2020,Prince Edward Island,Canada,4/15/2020 23:04,26,0,0
15411,4/15/2020,Quebec,Canada,4/15/2020 23:04,14860,487,0
15413,4/15/2020,Recovered,Canada,4/15/2020 23:04,0,0,8966
15419,4/15/2020,Saskatchewan,Canada,4/15/2020 23:04,304,4,0
15447,4/15/2020,Yukon,Canada,4/15/2020 23:04,8,0,0
15633,4/16/2020,Alberta,Canada,4/16/2020 23:38,1996,48,0
15643,4/16/2020,British Columbia,Canada,4/16/2020 23:38,1561,75,0
15664,4/16/2020,Grand Princess,Canada,4/16/2020 23:38,13,0,0
15695,4/16/2020,Manitoba,Canada,4/16/2020 23:38,250,5,0
15708,4/16/2020,New Brunswick,Canada,4/16/2020 23:38,117,0,0
15715,4/16/2020,Newfoundland and Labrador,Canada,4/16/2020 23:38,252,3,0
15721,4/16/2020,Northwest Territories,Canada,4/16/2020 23:38,5,0,0
15722,4/16/2020,Nova Scotia,Canada,4/16/2020 23:38,579,3,0
15725,4/16/2020,Ontario,Canada,4/16/2020 23:38,9840,490,0
15728,4/16/2020,Prince Edward Island,Canada,4/16/2020 23:38,26,0,0
15731,4/16/2020,Quebec,Canada,4/16/2020 23:38,15857,630,0
15733,4/16/2020,Recovered,Canada,4/16/2020 23:38,0,0,9698
15739,4/16/2020,Saskatchewan,Canada,4/16/2020 23:38,305,4,0
15767,4/16/2020,Yukon,Canada,4/16/2020 23:38,8,0,0
15953,4/17/2020,Alberta,Canada,4/17/2020 23:38,2397,50,0
15963,4/17/2020,British Columbia,Canada,4/17/2020 23:38,1575,77,0
15984,4/17/2020,Grand Princess,Canada,4/17/2020 23:38,13,0,0
16015,4/17/2020,Manitoba,Canada,4/17/2020 23:38,250,5,0
16028,4/17/2020,New Brunswick,Canada,4/17/2020 23:38,117,0,0
16035,4/17/2020,Newfoundland and Labrador,Canada,4/17/2020 23:38,256,3,0
16041,4/17/2020,Northwest Territories,Canada,4/17/2020 23:38,5,0,0
16042,4/17/2020,Nova Scotia,Canada,4/17/2020 23:38,606,4,0
16045,4/17/2020,Ontario,Canada,4/17/2020 23:38,10456,524,0
16048,4/17/2020,Prince Edward Island,Canada,4/17/2020 23:38,26,0,0
16051,4/17/2020,Quebec,Canada,4/17/2020 23:38,16798,688,0
16053,4/17/2020,Recovered,Canada,4/17/2020 23:38,0,0,10545
16059,4/17/2020,Saskatchewan,Canada,4/17/2020 23:38,307,4,0
16087,4/17/2020,Yukon,Canada,4/17/2020 23:38,8,0,0
16273,4/18/2020,Alberta,Canada,4/18/2020 22:40,2562,51,0
16283,4/18/2020,British Columbia,Canada,4/18/2020 22:40,1618,78,0
16304,4/18/2020,Grand Princess,Canada,4/18/2020 22:40,13,0,0
16335,4/18/2020,Manitoba,Canada,4/18/2020 22:40,253,5,0
16348,4/18/2020,New Brunswick,Canada,4/18/2020 22:40,117,0,0
16355,4/18/2020,Newfoundland and Labrador,Canada,4/18/2020 22:40,257,3,0
16361,4/18/2020,Northwest Territories,Canada,4/18/2020 22:40,5,0,0
16362,4/18/2020,Nova Scotia,Canada,4/18/2020 22:40,649,7,0
16365,4/18/2020,Ontario,Canada,4/18/2020 22:40,11013,564,0
16368,4/18/2020,Prince Edward Island,Canada,4/18/2020 22:40,26,0,0
16371,4/18/2020,Quebec,Canada,4/18/2020 22:40,17521,688,0
16373,4/18/2020,Recovered,Canada,4/18/2020 22:40,0,0,10964
16379,4/18/2020,Saskatchewan,Canada,4/18/2020 22:40,313,4,0
16407,4/18/2020,Yukon,Canada,4/18/2020 22:40,9,0,0
16593,4/19/2020,Alberta,Canada,4/19/2020 23:49,2803,51,0
16603,4/19/2020,British Columbia,Canada,4/19/2020 23:49,1647,81,0
16624,4/19/2020,Grand Princess,Canada,4/19/2020 23:49,13,0,0
16655,4/19/2020,Manitoba,Canada,4/19/2020 23:49,254,5,0
16668,4/19/2020,New Brunswick,Canada,4/19/2020 23:49,118,0,0
16675,4/19/2020,Newfoundland and Labrador,Canada,4/19/2020 23:49,257,3,0
16681,4/19/2020,Northwest Territories,Canada,4/19/2020 23:49,5,0,0
16682,4/19/2020,Nova Scotia,Canada,4/19/2020 23:49,675,9,0
16685,4/19/2020,Ontario,Canada,4/19/2020 23:49,11561,591,0
16688,4/19/2020,Prince Edward Island,Canada,4/19/2020 23:49,26,0,0
16691,4/19/2020,Quebec,Canada,4/19/2020 23:49,17950,820,0
16693,4/19/2020,Recovered,Canada,4/19/2020 23:49,0,0,11847
16699,4/19/2020,Saskatchewan,Canada,4/19/2020 23:49,315,4,0
16727,4/19/2020,Yukon,Canada,4/19/2020 23:49,9,0,0
16913,4/20/2020,Alberta,Canada,4/20/2020 23:44,2908,59,0
16923,4/20/2020,British Columbia,Canada,4/20/2020 23:44,1647,82,0
16944,4/20/2020,Grand Princess,Canada,4/20/2020 23:44,13,0,0
16975,4/20/2020,Manitoba,Canada,4/20/2020 23:44,254,6,0
16988,4/20/2020,New Brunswick,Canada,4/20/2020 23:44,118,0,0
16995,4/20/2020,Newfoundland and Labrador,Canada,4/20/2020 23:44,257,3,0
17001,4/20/2020,Northwest Territories,Canada,4/20/2020 23:44,5,0,0
17002,4/20/2020,Nova Scotia,Canada,4/20/2020 23:44,721,9,0
17005,4/20/2020,Ontario,Canada,4/20/2020 23:44,12063,624,0
17008,4/20/2020,Prince Edward Island,Canada,4/20/2020 23:44,26,0,0
17011,4/20/2020,Quebec,Canada,4/20/2020 23:44,19319,939,0
17013,4/20/2020,Recovered,Canada,4/20/2020 23:44,0,0,12543
17019,4/20/2020,Saskatchewan,Canada,4/20/2020 23:44,316,4,0
17047,4/20/2020,Yukon,Canada,4/20/2020 23:44,11,0,0
17233,4/21/2020,Alberta,Canada,4/21/2020 23:39,3095,61,0
17243,4/21/2020,British Columbia,Canada,4/21/2020 23:39,1724,87,0
17264,4/21/2020,Grand Princess,Canada,4/21/2020 23:39,13,0,0
17295,4/21/2020,Manitoba,Canada,4/21/2020 23:39,255,6,0
17308,4/21/2020,New Brunswick,Canada,4/21/2020 23:39,118,0,0
17315,4/21/2020,Newfoundland and Labrador,Canada,4/21/2020 23:39,257,3,0
17321,4/21/2020,Northwest Territories,Canada,4/21/2020 23:39,5,0,0
17322,4/21/2020,Nova Scotia,Canada,4/21/2020 23:39,737,10,0
17325,4/21/2020,Ontario,Canada,4/21/2020 23:39,12715,694,0
17328,4/21/2020,Prince Edward Island,Canada,4/21/2020 23:39,26,0,0
17331,4/21/2020,Quebec,Canada,4/21/2020 23:39,20126,1044,0
17333,4/21/2020,Recovered,Canada,4/21/2020 23:39,0,0,13188
17339,4/21/2020,Saskatchewan,Canada,4/21/2020 23:39,320,4,0
17367,4/21/2020,Yukon,Canada,4/21/2020 23:39,11,0,0
17553,4/22/2020,Alberta,Canada,4/22/2020 23:38,3401,66,0
17563,4/22/2020,British Columbia,Canada,4/22/2020 23:38,1795,90,0
17614,4/22/2020,Manitoba,Canada,4/22/2020 23:38,257,6,0
17627,4/22/2020,New Brunswick,Canada,4/22/2020 23:38,118,0,0
17634,4/22/2020,Newfoundland and Labrador,Canada,4/22/2020 23:38,256,3,0
17640,4/22/2020,Northwest Territories,Canada,4/22/2020 23:38,5,0,0
17641,4/22/2020,Nova Scotia,Canada,4/22/2020 23:38,772,12,0
17644,4/22/2020,Ontario,Canada,4/22/2020 23:38,13718,762,0
17647,4/22/2020,Prince Edward Island,Canada,4/22/2020 23:38,26,0,0
17650,4/22/2020,Quebec,Canada,4/22/2020 23:38,20965,1134,0
17652,4/22/2020,Recovered,Canada,4/22/2020 23:38,0,0,14454
17658,4/22/2020,Saskatchewan,Canada,4/22/2020 23:38,326,4,0
17686,4/22/2020,Yukon,Canada,4/22/2020 23:38,11,0,0
17872,4/23/2020,Alberta,Canada,4/24/2020 3:31,3720,68,0
17882,4/23/2020,British Columbia,Canada,4/24/2020 3:31,1824,94,0
17892,4/23/2020,Diamond Princess cruise ship,Canada,4/24/2020 3:31,0,1,0
17934,4/23/2020,Manitoba,Canada,4/24/2020 3:31,262,6,0
17947,4/23/2020,New Brunswick,Canada,4/24/2020 3:31,118,0,0
17954,4/23/2020,Newfoundland and Labrador,Canada,4/24/2020 3:31,256,3,0
17960,4/23/2020,Northwest Territories,Canada,4/24/2020 3:31,5,0,0
17961,4/23/2020,Nova Scotia,Canada,4/24/2020 3:31,827,16,0
17964,4/23/2020,Ontario,Canada,4/24/2020 3:31,14068,806,0
17967,4/23/2020,Prince Edward Island,Canada,4/24/2020 3:31,26,0,0
17970,4/23/2020,Quebec,Canada,4/24/2020 3:31,21838,1243,0
17972,4/23/2020,Recovered,Canada,4/24/2020 3:31,0,0,14761
17978,4/23/2020,Saskatchewan,Canada,4/24/2020 3:31,331,4,0
18006,4/23/2020,Yukon,Canada,4/24/2020 3:31,11,0,0
18192,4/24/2020,Alberta,Canada,4/25/2020 6:31,4017,72,0
18202,4/24/2020,British Columbia,Canada,4/25/2020 6:31,1853,98,0
18212,4/24/2020,Diamond Princess cruise ship,Canada,4/25/2020 6:31,0,1,0
18254,4/24/2020,Manitoba,Canada,4/25/2020 6:31,263,6,0
18267,4/24/2020,New Brunswick,Canada,4/25/2020 6:31,118,0,0
18274,4/24/2020,Newfoundland and Labrador,Canada,4/25/2020 6:31,256,3,0
18280,4/24/2020,Northwest Territories,Canada,4/25/2020 6:31,5,0,0
18283,4/24/2020,Ontario,Canada,4/25/2020 6:31,14550,862,0
18286,4/24/2020,Prince Edward Island,Canada,4/25/2020 6:31,26,0,0
18289,4/24/2020,Quebec,Canada,4/25/2020 6:31,22616,1340,0
18291,4/24/2020,Recovered,Canada,4/25/2020 6:31,0,0,15149
18297,4/24/2020,Saskatchewan,Canada,4/25/2020 6:31,341,4,0
18325,4/24/2020,Yukon,Canada,4/25/2020 6:31,11,0,0
18511,4/25/2020,Alberta,Canada,4/26/2020 2:31,4233,73,0
18521,4/25/2020,British Columbia,Canada,4/26/2020 2:31,1948,100,0
18531,4/25/2020,Diamond Princess cruise ship,Canada,4/26/2020 2:31,0,1,0
18573,4/25/2020,Manitoba,Canada,4/26/2020 2:31,267,6,0
18586,4/25/2020,New Brunswick,Canada,4/26/2020 2:31,118,0,0
18593,4/25/2020,Newfoundland and Labrador,Canada,4/26/2020 2:31,257,3,0
18599,4/25/2020,Northwest Territories,Canada,4/26/2020 2:31,5,0,0
18602,4/25/2020,Ontario,Canada,4/26/2020 2:31,15012,916,0
18605,4/25/2020,Prince Edward Island,Canada,4/26/2020 2:31,26,0,0
18608,4/25/2020,Quebec,Canada,4/26/2020 2:31,23267,1446,0
18610,4/25/2020,Recovered,Canada,4/26/2020 2:31,0,0,16013
18616,4/25/2020,Saskatchewan,Canada,4/26/2020 2:31,349,4,0
18644,4/25/2020,Yukon,Canada,4/26/2020 2:31,11,0,0
18830,4/26/2020,Alberta,Canada,4/27/2020 2:31,4480,73,0
18840,4/26/2020,British Columbia,Canada,4/27/2020 2:31,1948,100,0
18850,4/26/2020,Diamond Princess cruise ship,Canada,4/27/2020 2:31,0,1,0
18892,4/26/2020,Manitoba,Canada,4/27/2020 2:31,271,6,0
18905,4/26/2020,New Brunswick,Canada,4/27/2020 2:31,118,0,0
18912,4/26/2020,Newfoundland and Labrador,Canada,4/27/2020 2:31,258,3,0
18918,4/26/2020,Northwest Territories,Canada,4/27/2020 2:31,5,0,0
18921,4/26/2020,Ontario,Canada,4/27/2020 2:31,15568,960,0
18924,4/26/2020,Prince Edward Island,Canada,4/27/2020 2:31,26,0,0
18927,4/26/2020,Quebec,Canada,4/27/2020 2:31,24109,1516,0
18929,4/26/2020,Recovered,Canada,4/27/2020 2:31,0,0,16883
18935,4/26/2020,Saskatchewan,Canada,4/27/2020 2:31,353,4,0
18963,4/26/2020,Yukon,Canada,4/27/2020 2:31,11,0,0
19149,4/27/2020,Alberta,Canada,4/28/2020 2:31,4696,75,0
19159,4/27/2020,British Columbia,Canada,4/28/2020 2:31,1998,104,0
19169,4/27/2020,Diamond Princess cruise ship,Canada,4/28/2020 2:31,0,1,0
19181,4/27/2020,Grand Princess,Canada,4/28/2020 2:31,13,0,0
19212,4/27/2020,Manitoba,Canada,4/28/2020 2:31,273,6,0
19225,4/27/2020,New Brunswick,Canada,4/28/2020 2:31,118,0,0
19232,4/27/2020,Newfoundland and Labrador,Canada,4/28/2020 2:31,258,3,0
19238,4/27/2020,Northwest Territories,Canada,4/28/2020 2:31,5,0,0
19239,4/27/2020,Nova Scotia,Canada,4/28/2020 2:31,900,24,0
19242,4/27/2020,Ontario,Canada,4/28/2020 2:31,15970,1023,0
19245,4/27/2020,Prince Edward Island,Canada,4/28/2020 2:31,26,0,0
19248,4/27/2020,Quebec,Canada,4/28/2020 2:31,24983,1600,0
19250,4/27/2020,Recovered,Canada,4/28/2020 2:31,0,0,18268
19256,4/27/2020,Saskatchewan,Canada,4/28/2020 2:31,365,5,0
19284,4/27/2020,Yukon,Canada,4/28/2020 2:31,11,0,0
19470,4/28/2020,Alberta,Canada,4/29/2020 2:32,4850,80,0
19480,4/28/2020,British Columbia,Canada,4/29/2020 2:32,2053,106,0
19490,4/28/2020,Diamond Princess cruise ship,Canada,4/29/2020 2:32,0,1,0
19502,4/28/2020,Grand Princess,Canada,4/29/2020 2:32,13,0,0
19533,4/28/2020,Manitoba,Canada,4/29/2020 2:32,273,6,0
19546,4/28/2020,New Brunswick,Canada,4/29/2020 2:32,118,0,0
19553,4/28/2020,Newfoundland and Labrador,Canada,4/29/2020 2:32,258,3,0
19559,4/28/2020,Northwest Territories,Canada,4/29/2020 2:32,5,0,0
19560,4/28/2020,Nova Scotia,Canada,4/29/2020 2:32,915,27,0
19563,4/28/2020,Ontario,Canada,4/29/2020 2:32,16500,1072,0
19566,4/28/2020,Prince Edward Island,Canada,4/29/2020 2:32,27,0,0
19569,4/28/2020,Quebec,Canada,4/29/2020 2:32,25761,1683,0
19571,4/28/2020,Recovered,Canada,4/29/2020 2:32,0,0,19231
19577,4/28/2020,Saskatchewan,Canada,4/29/2020 2:32,366,5,0
19605,4/28/2020,Yukon,Canada,4/29/2020 2:32,11,0,0
19791,4/29/2020,Alberta,Canada,4/30/2020 2:32,5165,87,0
19801,4/29/2020,British Columbia,Canada,4/30/2020 2:32,2087,109,0
19811,4/29/2020,Diamond Princess cruise ship,Canada,4/30/2020 2:32,0,1,0
19823,4/29/2020,Grand Princess,Canada,4/30/2020 2:32,13,0,0
19854,4/29/2020,Manitoba,Canada,4/30/2020 2:32,275,6,0
19867,4/29/2020,New Brunswick,Canada,4/30/2020 2:32,118,0,0
19874,4/29/2020,Newfoundland and Labrador,Canada,4/30/2020 2:32,258,3,0
19880,4/29/2020,Northwest Territories,Canada,4/30/2020 2:32,5,0,0
19881,4/29/2020,Nova Scotia,Canada,4/30/2020 2:32,935,28,0
19884,4/29/2020,Ontario,Canada,4/30/2020 2:32,16978,1153,0
19887,4/29/2020,Prince Edward Island,Canada,4/30/2020 2:32,27,0,0
19890,4/29/2020,Quebec,Canada,4/30/2020 2:32,26610,1762,0
19892,4/29/2020,Recovered,Canada,4/30/2020 2:32,0,0,20327
19898,4/29/2020,Saskatchewan,Canada,4/30/2020 2:32,383,6,0
19926,4/29/2020,Yukon,Canada,4/30/2020 2:32,11,0,0
20114,4/30/2020,Alberta,Canada,5/1/2020 2:32,5355,90,0
20124,4/30/2020,British Columbia,Canada,5/1/2020 2:32,2112,111,0
20134,4/30/2020,Diamond Princess cruise ship,Canada,5/1/2020 2:32,0,1,0
20146,4/30/2020,Grand Princess,Canada,5/1/2020 2:32,13,0,0
20177,4/30/2020,Manitoba,Canada,5/1/2020 2:32,277,6,0
20190,4/30/2020,New Brunswick,Canada,5/1/2020 2:32,118,0,0
20197,4/30/2020,Newfoundland and Labrador,Canada,5/1/2020 2:32,258,3,0
20203,4/30/2020,Northwest Territories,Canada,5/1/2020 2:32,5,0,0
20204,4/30/2020,Nova Scotia,Canada,5/1/2020 2:32,947,28,0
20207,4/30/2020,Ontario,Canada,5/1/2020 2:32,17395,1205,0
20210,4/30/2020,Prince Edward Island,Canada,5/1/2020 2:32,27,0,0
20213,4/30/2020,Quebec,Canada,5/1/2020 2:32,27550,1859,0
20215,4/30/2020,Recovered,Canada,5/1/2020 2:32,0,0,21424
20221,4/30/2020,Saskatchewan,Canada,5/1/2020 2:32,389,7,0
20249,4/30/2020,Yukon,Canada,5/1/2020 2:32,11,0,0
20437,5/1/2020,Alberta,Canada,5/2/2020 2:32,5573,92,0
20447,5/1/2020,British Columbia,Canada,5/2/2020 2:32,2145,112,0
20457,5/1/2020,Diamond Princess cruise ship,Canada,5/2/2020 2:32,1,1,0
20469,5/1/2020,Grand Princess,Canada,5/2/2020 2:32,13,0,0
20500,5/1/2020,Manitoba,Canada,5/2/2020 2:32,281,6,0
20513,5/1/2020,New Brunswick,Canada,5/2/2020 2:32,118,0,0
20520,5/1/2020,Newfoundland and Labrador,Canada,5/2/2020 2:32,259,3,0
20526,5/1/2020,Northwest Territories,Canada,5/2/2020 2:32,5,0,0
20527,5/1/2020,Nova Scotia,Canada,5/2/2020 2:32,959,29,0
20530,5/1/2020,Ontario,Canada,5/2/2020 2:32,17880,1265,0
20533,5/1/2020,Prince Edward Island,Canada,5/2/2020 2:32,27,0,0
20536,5/1/2020,Quebec,Canada,5/2/2020 2:32,28656,2022,0
20538,5/1/2020,Recovered,Canada,5/2/2020 2:32,0,0,22764
20544,5/1/2020,Saskatchewan,Canada,5/2/2020 2:32,415,7,0
20572,5/1/2020,Yukon,Canada,5/2/2020 2:32,11,0,0
